assertion_id,record_identifier,record_key,source_filename,source_sha256,domain,original_source_locator,original_expectation,original_mapped_meaning,original_eligible,old_baseline_classification,old_post_correction_classification,policy,approved_supported_scope_eligible,current_classification,api_classification,SQL_API_agreement,evaluation_status,rationale,source_facts_reference
417-01,CNW 417,417,712a43e2-d3d6-463a-88fa-0b7e88e4dbf8.xml,0c951b13db076b7a1cbde40ed09209c90330b5873f552c348ddde1866f014361,work_identity,count(//mei:work); (//mei:work)[1]/mei:identifier[1],"{""identifier"": {""type"": ""CNW"", ""value"": ""417""}, ""work_count"": 1}",Represent the official work as one stored work and retain its direct CNW identifier.,True,preserved,preserved,immutable original assertion; approved representation limits recorded separately,True,preserved,preserved,True,EVALUATED,One document-owned work with the exact original direct catalogue identity; collection keys retain their literal text.,acceptance/semantic_frozen/semantic_legacy_source_facts_v1.json#/files/712a43e2-d3d6-463a-88fa-0b7e88e4dbf8.xml
417-02,CNW 417,417,712a43e2-d3d6-463a-88fa-0b7e88e4dbf8.xml,0c951b13db076b7a1cbde40ed09209c90330b5873f552c348ddde1866f014361,responsibility,(//mei:work)[1]/mei:contributor//mei:persName,"[{""name"": ""Carl Nielsen"", ""role"": ""composer""}]",Retain the asserted contributor identities together with their catalogue roles.,True,incorrect,preserved,immutable original assertion; approved representation limits recorded separately,True,preserved,preserved,True,EVALUATED,The direct composer is the entire responsibility asserted by this original row.,acceptance/semantic_frozen/semantic_legacy_source_facts_v1.json#/files/712a43e2-d3d6-463a-88fa-0b7e88e4dbf8.xml
417-03,CNW 417,417,712a43e2-d3d6-463a-88fa-0b7e88e4dbf8.xml,0c951b13db076b7a1cbde40ed09209c90330b5873f552c348ddde1866f014361,catalogue_identifier,(//mei:work)[1]/mei:identifier,"[{""type"": ""CNW"", ""value"": ""417""}]",Retain the asserted identifier types and values without conflating types; preserve source order where the assertion requires it.,True,preserved,preserved,immutable original assertion; approved representation limits recorded separately,True,preserved,preserved,True,EVALUATED,"Exact ordered original identifier type/value inventory is compared, with explicit database-ID source insertion order rather than a newly claimed ordinal column.",acceptance/semantic_frozen/semantic_legacy_source_facts_v1.json#/files/712a43e2-d3d6-463a-88fa-0b7e88e4dbf8.xml
417-04,CNW 417,417,712a43e2-d3d6-463a-88fa-0b7e88e4dbf8.xml,0c951b13db076b7a1cbde40ed09209c90330b5873f552c348ddde1866f014361,title,(//mei:work)[1]/mei:title,"{""count"": 4, ""titles"": [{""language"": ""da"", ""text"": ""Duet"", ""type"": """"}, {""language"": ""en"", ""text"": ""Duet"", ""type"": """"}, {""language"": ""da"", ""text"": ""for to damestemmer med klaverledsagelse"", ""type"": ""subordinate""}, {""language"": ""en"", ""text"": ""for two women's voices with piano accompaniment"", ""type"": ""subordinate""}]}","Retain the asserted title texts, types, languages, count, and selected display-title meaning.",True,omitted,omitted,immutable original assertion; approved representation limits recorded separately,True,preserved,preserved,True,EVALUATED,All asserted ordered title texts/types/languages and the historical first-untyped heading are compared directly.,acceptance/semantic_frozen/semantic_legacy_source_facts_v1.json#/files/712a43e2-d3d6-463a-88fa-0b7e88e4dbf8.xml
417-05,CNW 417,417,712a43e2-d3d6-463a-88fa-0b7e88e4dbf8.xml,0c951b13db076b7a1cbde40ed09209c90330b5873f552c348ddde1866f014361,title,(//mei:work)[1]/mei:title,"{""languages"": [""da"", ""en"", ""da"", ""en""], ""subordinate_count"": 2}","Retain the asserted title texts, types, languages, count, and selected display-title meaning.",True,omitted,omitted,immutable original assertion; approved representation limits recorded separately,True,preserved,preserved,True,EVALUATED,All asserted ordered title texts/types/languages and the historical first-untyped heading are compared directly.,acceptance/semantic_frozen/semantic_legacy_source_facts_v1.json#/files/712a43e2-d3d6-463a-88fa-0b7e88e4dbf8.xml
417-06,CNW 417,417,712a43e2-d3d6-463a-88fa-0b7e88e4dbf8.xml,0c951b13db076b7a1cbde40ed09209c90330b5873f552c348ddde1866f014361,composition_date,(//mei:work)[1]/mei:creation/mei:date,"{""creation_text"": ""1889-02-04"", ""date"": {""id"": ""idm52"", ""isodate"": ""1889-02-04"", ""text"": ""1889-02-04""}}","Retain the asserted date text, exact value or bounds, precision, and uncertainty rather than only an undifferentiated year.",True,transformed as intended,transformed as intended,immutable original assertion; approved representation limits recorded separately,True,transformed as intended,transformed as intended,True,EVALUATED,Original complete date wording preserves exact/ranged/uncertain meaning; the first/lower year is the declared scalar normalization. No structured-bound field is falsely claimed.,acceptance/semantic_frozen/semantic_legacy_source_facts_v1.json#/files/712a43e2-d3d6-463a-88fa-0b7e88e4dbf8.xml
417-07,CNW 417,417,712a43e2-d3d6-463a-88fa-0b7e88e4dbf8.xml,0c951b13db076b7a1cbde40ed09209c90330b5873f552c348ddde1866f014361,component_structure,count((//mei:work)[1]//mei:expression); count((//mei:work)[1]//mei:componentList),"{""component_lists"": 0, ""expressions"": 1}",Represent the asserted expression/component hierarchy and representative component values without assuming every expression is a musical movement.,True,omitted,omitted,immutable original assertion; approved representation limits recorded separately,False,omitted,omitted,True,EVALUATED,The current schema has no full expression/component entity hierarchy. Explicit source-to-expression context is retained separately and cannot satisfy this broader original hierarchy assertion.,acceptance/semantic_frozen/semantic_legacy_source_facts_v1.json#/files/712a43e2-d3d6-463a-88fa-0b7e88e4dbf8.xml
417-08,CNW 417,417,712a43e2-d3d6-463a-88fa-0b7e88e4dbf8.xml,0c951b13db076b7a1cbde40ed09209c90330b5873f552c348ddde1866f014361,instrumentation,count((//mei:work)[1]//mei:perfRes[normalize-space()]),"{""populated_resources"": 2}","Retain the asserted performance-resource count plus representative names, codes, counts, grouping, and solo attributes.",True,preserved,preserved,immutable original assertion; approved representation limits recorded separately,True,preserved,preserved,True,EVALUATED,The original bounded populated-resource count is compared with stored/API rows; retained occurrences are not inferred from distinct names.,acceptance/semantic_frozen/semantic_legacy_source_facts_v1.json#/files/712a43e2-d3d6-463a-88fa-0b7e88e4dbf8.xml
417-09,CNW 417,417,712a43e2-d3d6-463a-88fa-0b7e88e4dbf8.xml,0c951b13db076b7a1cbde40ed09209c90330b5873f552c348ddde1866f014361,instrumentation,(//mei:work)[1]//mei:perfRes[normalize-space()][normalize-space(.)='voices'],"{""codedval"": ""vu"", ""count"": ""2"", ""name"": ""voices"", ""solo"": ""false""}","Retain the asserted performance-resource count plus representative names, codes, counts, grouping, and solo attributes.",True,omitted,omitted,immutable original assertion; approved representation limits recorded separately,False,omitted,omitted,True,EVALUATED,"Names/count strings survive where represented, but resource occurrences/codedval/solo/grouping in the original compound assertion are not fully represented. Missing attributes remain an omission, not a successful rich-resource mapping.",acceptance/semantic_frozen/semantic_legacy_source_facts_v1.json#/files/712a43e2-d3d6-463a-88fa-0b7e88e4dbf8.xml
417-10,CNW 417,417,712a43e2-d3d6-463a-88fa-0b7e88e4dbf8.xml,0c951b13db076b7a1cbde40ed09209c90330b5873f552c348ddde1866f014361,instrumentation,(//mei:work)[1]//mei:perfRes[normalize-space()][normalize-space(.)='pf.'],"{""codedval"": ""ka"", ""count"": ""1"", ""name"": ""pf."", ""solo"": ""false""}","Retain the asserted performance-resource count plus representative names, codes, counts, grouping, and solo attributes.",True,omitted,omitted,immutable original assertion; approved representation limits recorded separately,False,omitted,omitted,True,EVALUATED,"Names/count strings survive where represented, but resource occurrences/codedval/solo/grouping in the original compound assertion are not fully represented. Missing attributes remain an omission, not a successful rich-resource mapping.",acceptance/semantic_frozen/semantic_legacy_source_facts_v1.json#/files/712a43e2-d3d6-463a-88fa-0b7e88e4dbf8.xml
417-11,CNW 417,417,712a43e2-d3d6-463a-88fa-0b7e88e4dbf8.xml,0c951b13db076b7a1cbde40ed09209c90330b5873f552c348ddde1866f014361,source_description,count(//mei:manifestation); count(//mei:manifestation//mei:item),"{""held_items"": 0, ""manifestations"": 0}","Represent the asserted manifestations, held items, repositories, locations, and hand information in the intended source-reference domain.",True,preserved,preserved,immutable original assertion; approved representation limits recorded separately,True,preserved,preserved,True,EVALUATED,"Original source/item counts and any representative title/repository/location/hand ownership are compared with explicit F2 document/source/item projections, separately from legacy SourceReference.",acceptance/semantic_frozen/semantic_legacy_source_facts_v1.json#/files/712a43e2-d3d6-463a-88fa-0b7e88e4dbf8.xml
417-12,CNW 417,417,712a43e2-d3d6-463a-88fa-0b7e88e4dbf8.xml,0c951b13db076b7a1cbde40ed09209c90330b5873f552c348ddde1866f014361,performance_and_relation_absence,count((//mei:work)[1]//mei:event); count((//mei:work)[1]//mei:relation[@target] | (//mei:work)[1]//mei:ref[@target] | (//mei:work)[1]//mei:ptr[@target]),"{""events"": 0, ""relation_ref_ptr_targets"": 0}",Preserve the asserted absence of performance events and target-bearing relation/ref/ptr structures.,True,preserved,preserved,immutable original assertion; approved representation limits recorded separately,True,preserved,preserved,True,EVALUATED,Original zero-event/zero-target assertion is checked against actual empty domain rows and API arrays.,acceptance/semantic_frozen/semantic_legacy_source_facts_v1.json#/files/712a43e2-d3d6-463a-88fa-0b7e88e4dbf8.xml
277-01,CNW 277,277,cnw0277.xml,e47af881a96e9d981c287c0660030da8bb173bdbd0e162b8efee7b8c5cb1ce2a,work_identity,count(//mei:work); (//mei:work)[1]/mei:identifier[1],"{""identifier"": {""type"": ""CNW"", ""value"": ""277""}, ""work_count"": 1}",Represent the official work as one stored work and retain its direct CNW identifier.,True,preserved,preserved,immutable original assertion; approved representation limits recorded separately,True,preserved,preserved,True,EVALUATED,One document-owned work with the exact original direct catalogue identity; collection keys retain their literal text.,acceptance/semantic_frozen/semantic_legacy_source_facts_v1.json#/files/cnw0277.xml
277-02,CNW 277,277,cnw0277.xml,e47af881a96e9d981c287c0660030da8bb173bdbd0e162b8efee7b8c5cb1ce2a,responsibility,(//mei:work)[1]/mei:contributor//mei:persName,"[{""name"": ""Carl Nielsen"", ""role"": ""composer""}, {""name"": ""Jeremiah Joseph Callanan"", ""role"": ""author""}, {""name"": ""Caralis [Christian Preetzmann]"", ""role"": ""translator""}]",Retain the asserted contributor identities together with their catalogue roles.,True,incorrect,omitted,immutable original assertion; approved representation limits recorded separately,False,omitted,omitted,True,EVALUATED,The observed composer is compared to the direct source composer. Additional original contributor roles remain absent and keep the compound assertion omitted.,acceptance/semantic_frozen/semantic_legacy_source_facts_v1.json#/files/cnw0277.xml
277-03,CNW 277,277,cnw0277.xml,e47af881a96e9d981c287c0660030da8bb173bdbd0e162b8efee7b8c5cb1ce2a,catalogue_identifier,(//mei:work)[1]/mei:identifier,"[{""type"": ""CNW"", ""value"": ""277""}, {""type"": ""CNU"", ""value"": ""III/5, 215""}, {""type"": ""CNS"", ""value"": ""226""}, {""type"": ""FS"", ""value"": ""3q""}]",Retain the asserted identifier types and values without conflating types; preserve source order where the assertion requires it.,True,preserved,preserved,immutable original assertion; approved representation limits recorded separately,True,preserved,preserved,True,EVALUATED,"Exact ordered original identifier type/value inventory is compared, with explicit database-ID source insertion order rather than a newly claimed ordinal column.",acceptance/semantic_frozen/semantic_legacy_source_facts_v1.json#/files/cnw0277.xml
277-04,CNW 277,277,cnw0277.xml,e47af881a96e9d981c287c0660030da8bb173bdbd0e162b8efee7b8c5cb1ce2a,title,(//mei:work)[1]/mei:title,"{""count"": 5, ""titles"": [{""language"": ""da"", ""text"": ""Serenade"", ""type"": """"}, {""language"": ""en"", ""text"": ""Serenade"", ""type"": """"}, {""language"": ""da"", ""text"": ""See! Luften er stille"", ""type"": ""alternative""}, {""language"": ""en"", ""text"": ""The blue waves are sleeping"", ""type"": ""alternative""}, {""language"": ""da"", ""text"": ""Se! Luften er stille"", ""type"": ""uniform""}]}","Retain the asserted title texts, types, languages, count, and selected display-title meaning.",True,incorrect,incorrect,legacy first-untyped display plus original five title records,True,preserved,preserved,True,EVALUATED,All asserted ordered title texts/types/languages and the historical first-untyped heading are compared directly. The original first-untyped expectation remains Serenade; PASS here is not substituted from F1 ranking. The separate S4-277 work_display unit independently checks the approved F1 policy.,acceptance/semantic_frozen/semantic_legacy_source_facts_v1.json#/files/cnw0277.xml
277-05,CNW 277,277,cnw0277.xml,e47af881a96e9d981c287c0660030da8bb173bdbd0e162b8efee7b8c5cb1ce2a,title,(//mei:work)[1]/mei:title,"{""languages"": [""da"", ""en"", ""da"", ""en"", ""da""], ""types"": ["""", """", ""alternative"", ""alternative"", ""uniform""]}","Retain the asserted title texts, types, languages, count, and selected display-title meaning.",True,omitted,omitted,immutable original assertion; approved representation limits recorded separately,True,preserved,preserved,True,EVALUATED,All asserted ordered title texts/types/languages and the historical first-untyped heading are compared directly.,acceptance/semantic_frozen/semantic_legacy_source_facts_v1.json#/files/cnw0277.xml
277-06,CNW 277,277,cnw0277.xml,e47af881a96e9d981c287c0660030da8bb173bdbd0e162b8efee7b8c5cb1ce2a,composition_date,(//mei:work)[1]/mei:creation/mei:date,"{""creation_text"": ""Between c. 1886 and 1888"", ""date"": {""id"": ""idm105"", ""notafter"": ""1888"", ""notbefore"": ""1886"", ""text"": ""Between c. 1886 and 1888""}}","Retain the asserted date text, exact value or bounds, precision, and uncertainty rather than only an undifferentiated year.",True,transformed as intended,transformed as intended,immutable original assertion; approved representation limits recorded separately,True,transformed as intended,transformed as intended,True,EVALUATED,Original complete date wording preserves exact/ranged/uncertain meaning; the first/lower year is the declared scalar normalization. No structured-bound field is falsely claimed.,acceptance/semantic_frozen/semantic_legacy_source_facts_v1.json#/files/cnw0277.xml
277-07,CNW 277,277,cnw0277.xml,e47af881a96e9d981c287c0660030da8bb173bdbd0e162b8efee7b8c5cb1ce2a,component_structure,count((//mei:work)[1]//mei:expression); count((//mei:work)[1]//mei:componentList),"{""component_lists"": 0, ""expressions"": 1}",Represent the asserted expression/component hierarchy and representative component values without assuming every expression is a musical movement.,True,omitted,omitted,immutable original assertion; approved representation limits recorded separately,False,omitted,omitted,True,EVALUATED,The current schema has no full expression/component entity hierarchy. Explicit source-to-expression context is retained separately and cannot satisfy this broader original hierarchy assertion.,acceptance/semantic_frozen/semantic_legacy_source_facts_v1.json#/files/cnw0277.xml
277-08,CNW 277,277,cnw0277.xml,e47af881a96e9d981c287c0660030da8bb173bdbd0e162b8efee7b8c5cb1ce2a,instrumentation,(//mei:work)[1]//mei:perfRes[normalize-space()],"[{""codedval"": ""vn"", ""count"": ""1"", ""name"": ""voice"", ""solo"": ""false""}, {""codedval"": ""ka"", ""count"": ""1"", ""name"": ""pf."", ""solo"": ""false""}]","Retain the asserted performance-resource count plus representative names, codes, counts, grouping, and solo attributes.",True,omitted,omitted,immutable original assertion; approved representation limits recorded separately,False,omitted,omitted,True,EVALUATED,"Names/count strings survive where represented, but resource occurrences/codedval/solo/grouping in the original compound assertion are not fully represented. Missing attributes remain an omission, not a successful rich-resource mapping.",acceptance/semantic_frozen/semantic_legacy_source_facts_v1.json#/files/cnw0277.xml
277-09,CNW 277,277,cnw0277.xml,e47af881a96e9d981c287c0660030da8bb173bdbd0e162b8efee7b8c5cb1ce2a,source_description,count(//mei:manifestation); count(//mei:manifestation//mei:item),"{""held_items"": 1, ""manifestations"": 2}","Represent the asserted manifestations, held items, repositories, locations, and hand information in the intended source-reference domain.",True,omitted,omitted,immutable original assertion; approved representation limits recorded separately,True,preserved,preserved,True,EVALUATED,"Original source/item counts and any representative title/repository/location/hand ownership are compared with explicit F2 document/source/item projections, separately from legacy SourceReference.",acceptance/semantic_frozen/semantic_legacy_source_facts_v1.json#/files/cnw0277.xml
277-10,CNW 277,277,cnw0277.xml,e47af881a96e9d981c287c0660030da8bb173bdbd0e162b8efee7b8c5cb1ce2a,source_description,//mei:manifestation[1]/mei:titleStmt/mei:title[1]; //mei:manifestation[1]//mei:item[1]//mei:repository[1],"{""item_identifier"": ""A"", ""location"": ""CNS 226 (in CNS 250a)"", ""manifestation_title"": ""Score, autograph, fair copy"", ""repository"": ""DK-Kk""}","Represent the asserted manifestations, held items, repositories, locations, and hand information in the intended source-reference domain.",True,omitted,omitted,immutable original assertion; approved representation limits recorded separately,True,preserved,preserved,True,EVALUATED,"Original source/item counts and any representative title/repository/location/hand ownership are compared with explicit F2 document/source/item projections, separately from legacy SourceReference.",acceptance/semantic_frozen/semantic_legacy_source_facts_v1.json#/files/cnw0277.xml
277-11,CNW 277,277,cnw0277.xml,e47af881a96e9d981c287c0660030da8bb173bdbd0e162b8efee7b8c5cb1ce2a,performance_event,(//mei:work)[1]//mei:event[1],"{""event_count"": 1, ""first_event"": {""corporations"": [], ""date"": """", ""description"": """", ""element_text"": """", ""people"": [], ""place"": """", ""venue"": """"}}","Represent the asserted catalogue event count and representative date, place, venue, people, corporations, and roles in the performance domain.",True,omitted,omitted,immutable original assertion; approved representation limits recorded separately,False,omitted,omitted,True,EVALUATED,The original one event node is empty of supported direct values. A truthful skipped-event warning and no invented Performance record do not preserve an event entity; original assertion remains omitted.,acceptance/semantic_frozen/semantic_legacy_source_facts_v1.json#/files/cnw0277.xml
277-12,CNW 277,277,cnw0277.xml,e47af881a96e9d981c287c0660030da8bb173bdbd0e162b8efee7b8c5cb1ce2a,relation_target,(//mei:work)[1]//mei:relation[@target] | (//mei:work)[1]//mei:ref[@target] | (//mei:work)[1]//mei:ptr[@target],"{""absolute_count"": 1, ""count"": 7, ""internal_count"": 6, ""targets"": [{""element"": ""ref"", ""label"": ""CNW 276"", ""relation"": """", ""target"": ""document.xq?doc=cnw0276.xml""}, {""element"": ""ref"", ""label"": ""CNW 278"", ""relation"": """", ""target"": ""document.xq?doc=cnw0278.xml""}, {""element"": ""ref"", ""label"": ""CNW 279"", ""relation"": """", ""target"": ""document.xq?doc=cnw0279.xml""}, {""element"": ""ref"", ""label"": ""CNW 355"", ""relation"": """", ""target"": ""document.xq?doc=46c22e1e-500d-40f9-ba0c-2022e6ca974d.xml""}, {""element"": ""ref"", ""label"": ""CNW 356"", ""relation"": """", ""target"": ""document.xq?doc=cnw0358.xml""}, {""element"": ""ptr"", ""label"": ""Carl Nielsen Edition (Editorial Texts)"", ""relation"": """", ""target"": ""/dcm/assets/cnu/pdf/CNU_III_07_songs_4.pdf""}, {""element"": ""relation"", ""label"": ""Carl Nielsen Edition"", ""relation"": ""hasReproduction"", ""target"": ""http://www.kb.dk/export/sites/kb_dk/da/nb/dcm/cnu/pdf/CNU_III_05_songs_2.pdf#page=94""}]}",Retain asserted targets and relation categories while distinguishing internal/relative graph targets from external URLs.,True,incorrect,omitted,immutable original assertion; approved representation limits recorded separately,False,omitted,omitted,True,EVALUATED,"The original broader work/component/graphic target inventory is not represented by the bounded source-owned relation graph. Retained syntactically absolute HTTP(S) references are checked for contradiction; internal, relative, graphic and other graph meanings remain omitted.",acceptance/semantic_frozen/semantic_legacy_source_facts_v1.json#/files/cnw0277.xml
63-01,CNW 63,63,cnw0063.xml,8bf29bf5881b0cbfe03367d08806c6928eceb7395b6a61667ab2b57dcbd90a32,work_identity,count(//mei:work); (//mei:work)[1]/mei:identifier[@label='CNW'],"{""cnw"": [{""type"": ""CNW"", ""value"": ""63""}], ""work_count"": 1}",Represent the official work as one stored work and retain its direct CNW identifier.,True,preserved,preserved,immutable original assertion; approved representation limits recorded separately,True,preserved,preserved,True,EVALUATED,One document-owned work with the exact original direct catalogue identity; collection keys retain their literal text.,acceptance/semantic_frozen/semantic_legacy_source_facts_v1.json#/files/cnw0063.xml
63-02,CNW 63,63,cnw0063.xml,8bf29bf5881b0cbfe03367d08806c6928eceb7395b6a61667ab2b57dcbd90a32,responsibility,(//mei:work)[1]/mei:contributor//mei:persName,"[{""name"": ""Carl Nielsen"", ""role"": ""composer""}, {""name"": ""Henri Marteau"", ""role"": ""dedicatee""}]",Retain the asserted contributor identities together with their catalogue roles.,True,incorrect,omitted,immutable original assertion; approved representation limits recorded separately,False,omitted,omitted,True,EVALUATED,The observed composer is compared to the direct source composer. Additional original contributor roles remain absent and keep the compound assertion omitted.,acceptance/semantic_frozen/semantic_legacy_source_facts_v1.json#/files/cnw0063.xml
63-03,CNW 63,63,cnw0063.xml,8bf29bf5881b0cbfe03367d08806c6928eceb7395b6a61667ab2b57dcbd90a32,catalogue_identifier,(//mei:work)[1]/mei:identifier,"[{""type"": ""Opus"", ""value"": ""9""}, {""type"": ""CNW"", ""value"": ""63""}, {""type"": ""CNU"", ""value"": ""II/11""}, {""type"": ""CNS"", ""value"": ""24""}, {""type"": ""FS"", ""value"": ""20""}]",Retain the asserted identifier types and values without conflating types; preserve source order where the assertion requires it.,True,preserved,preserved,immutable original assertion; approved representation limits recorded separately,True,preserved,preserved,True,EVALUATED,"Exact ordered original identifier type/value inventory is compared, with explicit database-ID source insertion order rather than a newly claimed ordinal column.",acceptance/semantic_frozen/semantic_legacy_source_facts_v1.json#/files/cnw0063.xml
63-04,CNW 63,63,cnw0063.xml,8bf29bf5881b0cbfe03367d08806c6928eceb7395b6a61667ab2b57dcbd90a32,title,(//mei:work)[1]/mei:title,"[{""language"": ""da"", ""text"": ""Sonate nr. 1 for violin og klaver, opus 9"", ""type"": """"}, {""language"": ""en"", ""text"": ""Sonata No. 1 for Violin and Piano, Opus 9"", ""type"": """"}]","Retain the asserted title texts, types, languages, count, and selected display-title meaning.",True,omitted,omitted,immutable original assertion; approved representation limits recorded separately,True,preserved,preserved,True,EVALUATED,All asserted ordered title texts/types/languages and the historical first-untyped heading are compared directly.,acceptance/semantic_frozen/semantic_legacy_source_facts_v1.json#/files/cnw0063.xml
63-05,CNW 63,63,cnw0063.xml,8bf29bf5881b0cbfe03367d08806c6928eceb7395b6a61667ab2b57dcbd90a32,composition_date,(//mei:work)[1]/mei:creation/mei:date,"{""creation_text"": ""1895"", ""date"": {""id"": ""date_N20582"", ""isodate"": ""1895"", ""text"": ""1895""}}","Retain the asserted date text, exact value or bounds, precision, and uncertainty rather than only an undifferentiated year.",True,transformed as intended,transformed as intended,immutable original assertion; approved representation limits recorded separately,True,transformed as intended,transformed as intended,True,EVALUATED,Original complete date wording preserves exact/ranged/uncertain meaning; the first/lower year is the declared scalar normalization. No structured-bound field is falsely claimed.,acceptance/semantic_frozen/semantic_legacy_source_facts_v1.json#/files/cnw0063.xml
63-06,CNW 63,63,cnw0063.xml,8bf29bf5881b0cbfe03367d08806c6928eceb7395b6a61667ab2b57dcbd90a32,component_structure,count((//mei:work)[1]//mei:expression); count((//mei:work)[1]/mei:expressionList/mei:expression); count((//mei:work)[1]//mei:componentList/mei:expression); count((//mei:work)[1]//mei:componentList),"{""component_expressions"": 3, ""component_lists"": 1, ""expressions"": 4, ""top_level"": 1}",Represent the asserted expression/component hierarchy and representative component values without assuming every expression is a musical movement.,True,omitted,omitted,immutable original assertion; approved representation limits recorded separately,False,omitted,omitted,True,EVALUATED,The current schema has no full expression/component entity hierarchy. Explicit source-to-expression context is retained separately and cannot satisfy this broader original hierarchy assertion.,acceptance/semantic_frozen/semantic_legacy_source_facts_v1.json#/files/cnw0063.xml
63-07,CNW 63,63,cnw0063.xml,8bf29bf5881b0cbfe03367d08806c6928eceb7395b6a61667ab2b57dcbd90a32,component_structure,(//mei:work)[1]//mei:componentList/mei:expression,"[{""n"": ""1"", ""tempos"": [""Allegro glorioso""], ""titles"": [{""language"": ""da"", ""text"": """"}]}, {""n"": ""2"", ""tempos"": [""Andante""], ""titles"": [{""language"": ""da"", ""text"": """"}]}, {""n"": ""3"", ""tempos"": [""Allegro piacevole e giovanile""], ""titles"": [{""language"": ""da"", ""text"": """"}]}]",Represent the asserted expression/component hierarchy and representative component values without assuming every expression is a musical movement.,True,omitted,omitted,immutable original assertion; approved representation limits recorded separately,False,omitted,omitted,True,EVALUATED,The current schema has no full expression/component entity hierarchy. Explicit source-to-expression context is retained separately and cannot satisfy this broader original hierarchy assertion.,acceptance/semantic_frozen/semantic_legacy_source_facts_v1.json#/files/cnw0063.xml
63-08,CNW 63,63,cnw0063.xml,8bf29bf5881b0cbfe03367d08806c6928eceb7395b6a61667ab2b57dcbd90a32,instrumentation,(//mei:work)[1]//mei:perfRes[normalize-space()],"[{""codedval"": ""sa"", ""count"": ""1"", ""name"": ""vl."", ""solo"": ""false""}, {""codedval"": ""ka"", ""count"": ""1"", ""name"": ""pf."", ""solo"": ""false""}]","Retain the asserted performance-resource count plus representative names, codes, counts, grouping, and solo attributes.",True,omitted,omitted,immutable original assertion; approved representation limits recorded separately,False,omitted,omitted,True,EVALUATED,"Names/count strings survive where represented, but resource occurrences/codedval/solo/grouping in the original compound assertion are not fully represented. Missing attributes remain an omission, not a successful rich-resource mapping.",acceptance/semantic_frozen/semantic_legacy_source_facts_v1.json#/files/cnw0063.xml
63-09,CNW 63,63,cnw0063.xml,8bf29bf5881b0cbfe03367d08806c6928eceb7395b6a61667ab2b57dcbd90a32,source_description,count(//mei:manifestation); count(//mei:manifestation//mei:item),"{""held_items"": 7, ""manifestations"": 6}","Represent the asserted manifestations, held items, repositories, locations, and hand information in the intended source-reference domain.",True,omitted,omitted,immutable original assertion; approved representation limits recorded separately,True,preserved,preserved,True,EVALUATED,"Original source/item counts and any representative title/repository/location/hand ownership are compared with explicit F2 document/source/item projections, separately from legacy SourceReference.",acceptance/semantic_frozen/semantic_legacy_source_facts_v1.json#/files/cnw0063.xml
63-10,CNW 63,63,cnw0063.xml,8bf29bf5881b0cbfe03367d08806c6928eceb7395b6a61667ab2b57dcbd90a32,source_description,count(//mei:handList); //mei:manifestation[1]/mei:titleStmt/mei:title[1]; //mei:manifestation[1]//mei:item[1],"{""hand_lists"": 1, ""representative"": {""item_identifier"": ""D"", ""location"": ""CNS 24c"", ""manifestation_title"": ""Score, sketch"", ""repository"": ""DK-Kk""}}","Represent the asserted manifestations, held items, repositories, locations, and hand information in the intended source-reference domain.",True,omitted,omitted,immutable original assertion; approved representation limits recorded separately,True,preserved,preserved,True,EVALUATED,"Original source/item counts and any representative title/repository/location/hand ownership are compared with explicit F2 document/source/item projections, separately from legacy SourceReference.",acceptance/semantic_frozen/semantic_legacy_source_facts_v1.json#/files/cnw0063.xml
63-11,CNW 63,63,cnw0063.xml,8bf29bf5881b0cbfe03367d08806c6928eceb7395b6a61667ab2b57dcbd90a32,performance_event,count((//mei:work)[1]//mei:event); (//mei:work)[1]//mei:event[1],"{""event_count"": 38, ""first_event"": {""corporations"": [], ""date"": ""1896-01-15"", ""description"": ""First performance."", ""element_text"": ""1896-01-15 Koncertpalæet Copenhagen Anton Svendsen, violin Johanne Stockmarr, piano First performance. Reviews article journal Robert Henriques Dannebrog 1896-01-16 article journal Angul Hammerich Nationaltidende 1896-01-17"", ""people"": [{""name"": ""Anton Svendsen, violin"", ""role"": ""performer""}, {""name"": ""Johanne Stockmarr, piano"", ""role"": ""performer""}], ""place"": ""Copenhagen"", ""venue"": ""Koncertpalæet""}}","Represent the asserted catalogue event count and representative date, place, venue, people, corporations, and roles in the performance domain.",True,omitted,transformed as intended,immutable original assertion; approved representation limits recorded separately,True,transformed as intended,transformed as intended,True,EVALUATED,"Compare original mapped meaning: event count and representative direct date/place/venue/participants/roles/description through declared flat strings. Source element_text is retained as context, including bibliography outside this selected event mapping; full event XML is not claimed.",acceptance/semantic_frozen/semantic_legacy_source_facts_v1.json#/files/cnw0063.xml
63-12,CNW 63,63,cnw0063.xml,8bf29bf5881b0cbfe03367d08806c6928eceb7395b6a61667ab2b57dcbd90a32,relation_target,(//mei:work)[1]//mei:relation[@target] | (//mei:work)[1]//mei:ref[@target] | (//mei:work)[1]//mei:ptr[@target],"{""absolute_count"": 0, ""count"": 2, ""targets"": [{""element"": ""ref"", ""label"": """", ""relation"": """", ""target"": ""document.xq?doc=cnw0025.xml""}, {""element"": ""ptr"", ""label"": ""Carl Nielsen Edition"", ""relation"": """", ""target"": ""/dcm/assets/cnu/pdf/CNU_II_11_chamber_music_2.pdf""}]}",Retain asserted targets and relation categories while distinguishing internal/relative graph targets from external URLs.,True,incorrect,omitted,immutable original assertion; approved representation limits recorded separately,False,omitted,omitted,True,EVALUATED,"The original broader work/component/graphic target inventory is not represented by the bounded source-owned relation graph. Retained syntactically absolute HTTP(S) references are checked for contradiction; internal, relative, graphic and other graph meanings remain omitted.",acceptance/semantic_frozen/semantic_legacy_source_facts_v1.json#/files/cnw0063.xml
18-01,CNW 18,18,cnw0018.xml,f4466abc43b27f84447ab323458cce654a6253c2c9fd5d389efd9234d9b4967b,work_identity,count(//mei:work); (//mei:work)[1]/mei:identifier[@label='CNW'],"{""cnw"": [{""type"": ""CNW"", ""value"": ""18""}], ""work_count"": 1}",Represent the official work as one stored work and retain its direct CNW identifier.,True,preserved,preserved,immutable original assertion; approved representation limits recorded separately,True,preserved,preserved,True,EVALUATED,One document-owned work with the exact original direct catalogue identity; collection keys retain their literal text.,acceptance/semantic_frozen/semantic_legacy_source_facts_v1.json#/files/cnw0018.xml
18-02,CNW 18,18,cnw0018.xml,f4466abc43b27f84447ab323458cce654a6253c2c9fd5d389efd9234d9b4967b,responsibility,(//mei:work)[1]/mei:contributor//mei:persName,"[{""name"": ""Carl Nielsen"", ""role"": ""composer""}, {""name"": ""Helge Rode"", ""role"": ""author""}]",Retain the asserted contributor identities together with their catalogue roles.,True,incorrect,omitted,immutable original assertion; approved representation limits recorded separately,False,omitted,omitted,True,EVALUATED,The observed composer is compared to the direct source composer. Additional original contributor roles remain absent and keep the compound assertion omitted.,acceptance/semantic_frozen/semantic_legacy_source_facts_v1.json#/files/cnw0018.xml
18-03,CNW 18,18,cnw0018.xml,f4466abc43b27f84447ab323458cce654a6253c2c9fd5d389efd9234d9b4967b,catalogue_identifier,(//mei:work)[1]/mei:identifier,"[{""type"": ""Opus"", ""value"": ""41""}, {""type"": ""CNW"", ""value"": ""18""}, {""type"": ""CNU"", ""value"": ""I/9; IV/1, Add. 35; III/4, 117–124""}, {""type"": ""CNS"", ""value"": ""345""}, {""type"": ""FS"", ""value"": ""94""}]",Retain the asserted identifier types and values without conflating types; preserve source order where the assertion requires it.,True,preserved,preserved,immutable original assertion; approved representation limits recorded separately,True,preserved,preserved,True,EVALUATED,"Exact ordered original identifier type/value inventory is compared, with explicit database-ID source insertion order rather than a newly claimed ordinal column.",acceptance/semantic_frozen/semantic_legacy_source_facts_v1.json#/files/cnw0018.xml
18-04,CNW 18,18,cnw0018.xml,f4466abc43b27f84447ab323458cce654a6253c2c9fd5d389efd9234d9b4967b,title,(//mei:work)[1]/mei:title,"[{""language"": ""da"", ""text"": ""Musik til Helge Rodes skuespil \""Moderen\"", opus 41"", ""type"": """"}, {""language"": ""en"", ""text"": ""Music for Helge Rode's Play 'The Mother', Opus 41"", ""type"": """"}, {""language"": ""da"", ""text"": ""Et eventyrspil i en prolog og syv billeder"", ""type"": ""subordinate""}, {""language"": ""en"", ""text"": ""A Play in a Prologue and Seven Scenes"", ""type"": ""subordinate""}]","Retain the asserted title texts, types, languages, count, and selected display-title meaning.",True,omitted,omitted,immutable original assertion; approved representation limits recorded separately,True,preserved,preserved,True,EVALUATED,All asserted ordered title texts/types/languages and the historical first-untyped heading are compared directly.,acceptance/semantic_frozen/semantic_legacy_source_facts_v1.json#/files/cnw0018.xml
18-05,CNW 18,18,cnw0018.xml,f4466abc43b27f84447ab323458cce654a6253c2c9fd5d389efd9234d9b4967b,composition_date,(//mei:work)[1]/mei:creation/mei:date,"{""creation_text"": ""1920–21"", ""date"": {""id"": ""date_N20C3A"", ""notafter"": ""1921"", ""notbefore"": ""1920"", ""text"": ""1920–21""}}","Retain the asserted date text, exact value or bounds, precision, and uncertainty rather than only an undifferentiated year.",True,transformed as intended,transformed as intended,immutable original assertion; approved representation limits recorded separately,True,transformed as intended,transformed as intended,True,EVALUATED,Original complete date wording preserves exact/ranged/uncertain meaning; the first/lower year is the declared scalar normalization. No structured-bound field is falsely claimed.,acceptance/semantic_frozen/semantic_legacy_source_facts_v1.json#/files/cnw0018.xml
18-06,CNW 18,18,cnw0018.xml,f4466abc43b27f84447ab323458cce654a6253c2c9fd5d389efd9234d9b4967b,component_structure,count((//mei:work)[1]//mei:expression); count((//mei:work)[1]/mei:expressionList/mei:expression); count((//mei:work)[1]//mei:componentList/mei:expression); count((//mei:work)[1]//mei:componentList),"{""component_expressions"": 47, ""component_lists"": 10, ""expressions"": 49, ""top_level"": 2}",Represent the asserted expression/component hierarchy and representative component values without assuming every expression is a musical movement.,True,omitted,omitted,immutable original assertion; approved representation limits recorded separately,False,omitted,omitted,True,EVALUATED,The current schema has no full expression/component entity hierarchy. Explicit source-to-expression context is retained separately and cannot satisfy this broader original hierarchy assertion.,acceptance/semantic_frozen/semantic_legacy_source_facts_v1.json#/files/cnw0018.xml
18-07,CNW 18,18,cnw0018.xml,f4466abc43b27f84447ab323458cce654a6253c2c9fd5d389efd9234d9b4967b,component_structure,(//mei:work)[1]//mei:componentList/mei:expression,"{""first_component"": {""n"": """", ""tempos"": [""Tempo giusto""], ""titles"": [{""language"": ""da"", ""text"": ""Prolog""}, {""language"": ""en"", ""text"": ""Prologue""}]}, ""nested_march"": {""n"": ""1"", ""tempos"": [""Tempo giusto""], ""titles"": [{""language"": ""da"", ""text"": ""Marsch""}, {""language"": ""en"", ""text"": ""March""}]}}",Represent the asserted expression/component hierarchy and representative component values without assuming every expression is a musical movement.,True,omitted,omitted,immutable original assertion; approved representation limits recorded separately,False,omitted,omitted,True,EVALUATED,The current schema has no full expression/component entity hierarchy. Explicit source-to-expression context is retained separately and cannot satisfy this broader original hierarchy assertion.,acceptance/semantic_frozen/semantic_legacy_source_facts_v1.json#/files/cnw0018.xml
18-08,CNW 18,18,cnw0018.xml,f4466abc43b27f84447ab323458cce654a6253c2c9fd5d389efd9234d9b4967b,instrumentation,(//mei:work)[1]//mei:perfRes[normalize-space()],"{""count"": 31, ""representatives"": [{""codedval"": ""wa"", ""count"": ""3"", ""name"": ""fl."", ""solo"": ""false""}, {""codedval"": ""ba"", ""count"": ""4"", ""name"": ""cor."", ""solo"": ""false""}]}","Retain the asserted performance-resource count plus representative names, codes, counts, grouping, and solo attributes.",True,omitted,omitted,immutable original assertion; approved representation limits recorded separately,False,omitted,omitted,True,EVALUATED,"Names/count strings survive where represented, but resource occurrences/codedval/solo/grouping in the original compound assertion are not fully represented. Missing attributes remain an omission, not a successful rich-resource mapping.",acceptance/semantic_frozen/semantic_legacy_source_facts_v1.json#/files/cnw0018.xml
18-09,CNW 18,18,cnw0018.xml,f4466abc43b27f84447ab323458cce654a6253c2c9fd5d389efd9234d9b4967b,source_description,count(//mei:manifestation); count(//mei:manifestation//mei:item),"{""held_items"": 27, ""manifestations"": 33}","Represent the asserted manifestations, held items, repositories, locations, and hand information in the intended source-reference domain.",True,omitted,omitted,immutable original assertion; approved representation limits recorded separately,True,preserved,preserved,True,EVALUATED,"Original source/item counts and any representative title/repository/location/hand ownership are compared with explicit F2 document/source/item projections, separately from legacy SourceReference.",acceptance/semantic_frozen/semantic_legacy_source_facts_v1.json#/files/cnw0018.xml
18-10,CNW 18,18,cnw0018.xml,f4466abc43b27f84447ab323458cce654a6253c2c9fd5d389efd9234d9b4967b,source_description,//mei:manifestation[1]/mei:titleStmt/mei:title[1]; //mei:manifestation[1]//mei:item[1],"{""item_identifier"": ""Ie"", ""location"": ""CNS 345g"", ""manifestation_title"": ""Sketch (Nos. 20, 22)"", ""repository"": ""DK-Kk""}","Represent the asserted manifestations, held items, repositories, locations, and hand information in the intended source-reference domain.",True,omitted,omitted,immutable original assertion; approved representation limits recorded separately,True,preserved,preserved,True,EVALUATED,"Original source/item counts and any representative title/repository/location/hand ownership are compared with explicit F2 document/source/item projections, separately from legacy SourceReference.",acceptance/semantic_frozen/semantic_legacy_source_facts_v1.json#/files/cnw0018.xml
18-11,CNW 18,18,cnw0018.xml,f4466abc43b27f84447ab323458cce654a6253c2c9fd5d389efd9234d9b4967b,performance_event,count((//mei:work)[1]//mei:event); (//mei:work)[1]//mei:event[1],"{""event_count"": 92, ""first_event"": {""corporations"": [], ""date"": ""1921-01-30"", ""description"": ""First performance."", ""element_text"": ""1921-01-30 The Royal Theatre (Det Kongelige Teater) Copenhagen Ebbe Hamerik Betty Hennings (the Mother) Svend Methling (the Scald) Johannes Poulsen (the Jester) First performance. Reviews article newspaper Nationaltidende 1921-01-31 article newspaper Politiken 1921-01-31 article journal Ekstrabladet 1921-01-31 article journal Theatret 1921 20 11 131 article newspaper Aalborg Stiftstidende 1921-01-31 article newspaper Folkets Avis 1921-01-31"", ""people"": [{""name"": ""Ebbe Hamerik"", ""role"": ""conductor""}, {""name"": ""Betty Hennings (the Mother)"", ""role"": ""performer""}, {""name"": ""Svend Methling (the Scald)"", ""role"": ""performer""}, {""name"": ""Johannes Poulsen (the Jester)"", ""role"": ""performer""}], ""place"": ""Copenhagen"", ""venue"": ""The Royal Theatre (Det Kongelige Teater)""}}","Represent the asserted catalogue event count and representative date, place, venue, people, corporations, and roles in the performance domain.",True,omitted,transformed as intended,immutable original assertion; approved representation limits recorded separately,True,transformed as intended,transformed as intended,True,EVALUATED,"Compare original mapped meaning: event count and representative direct date/place/venue/participants/roles/description through declared flat strings. Source element_text is retained as context, including bibliography outside this selected event mapping; full event XML is not claimed.",acceptance/semantic_frozen/semantic_legacy_source_facts_v1.json#/files/cnw0018.xml
18-12,CNW 18,18,cnw0018.xml,f4466abc43b27f84447ab323458cce654a6253c2c9fd5d389efd9234d9b4967b,relation_target,(//mei:work)[1]//mei:relation[@target] | (//mei:work)[1]//mei:ref[@target] | (//mei:work)[1]//mei:ptr[@target],"{""absolute_count"": 9, ""count"": 39, ""internal_count"": 30, ""other_target_count"": 37, ""representative_targets"": [{""element"": ""relation"", ""label"": ""Saga-Drøm"", ""relation"": ""isAdaptationOf"", ""target"": ""cnw0035.xml""}, {""element"": ""relation"", ""label"": ""Carl Nielsen Edition"", ""relation"": ""hasReproduction"", ""target"": ""http://www.kb.dk/export/sites/kb_dk/da/nb/dcm/cnu/pdf/CNU_I_09_incidental_music_2.pdf""}]}",Retain asserted targets and relation categories while distinguishing internal/relative graph targets from external URLs.,True,incorrect,omitted,immutable original assertion; approved representation limits recorded separately,False,omitted,omitted,True,EVALUATED,"The original broader work/component/graphic target inventory is not represented by the bounded source-owned relation graph. Retained syntactically absolute HTTP(S) references are checked for contradiction; internal, relative, graphic and other graph meanings remain omitted.",acceptance/semantic_frozen/semantic_legacy_source_facts_v1.json#/files/cnw0018.xml
53-T01,CNW 53,53,1292525519.xml,027a31d3a8582590a1c1e87ced67cee16892b7f569b7608401cdda900564dbcf,technical_import,archive-member:dcm-catalogue-data/cnw/data-cnw/1292525519.xml; (//mei:work)[1],"{""file_size"": 16623, ""namespace"": ""http://www.music-encoding.org/ns/mei"", ""stage_a_classification"": ""success with warning"", ""stage_a_import_log_status"": ""success"", ""well_formed"": true}",Record the frozen technical outcome separately from semantic fidelity; successful processing is not semantic preservation.,False,not applicable,not applicable,immutable original assertion; approved representation limits recorded separately,False,not applicable,not applicable,True,EVALUATED,Technical-only original assertion: pinned byte size/source namespace and current committed work availability are recorded separately from semantic fidelity.,acceptance/semantic_frozen/semantic_legacy_source_facts_v1.json#/files/1292525519.xml
53-B01,CNW 53,53,1292525519.xml,027a31d3a8582590a1c1e87ced67cee16892b7f569b7608401cdda900564dbcf,composition_date,count((//mei:work)[1]/mei:creation),"{""direct_creation_count"": 0}",Preserve the absence of a direct work-level creation date without substituting an unrelated nested date.,True,preserved,preserved,immutable original assertion; approved representation limits recorded separately,True,preserved,preserved,True,EVALUATED,No direct source creation is compared with absent date and year; no nested date is substituted.,acceptance/semantic_frozen/semantic_legacy_source_facts_v1.json#/files/1292525519.xml
53-B02,CNW 53,53,1292525519.xml,027a31d3a8582590a1c1e87ced67cee16892b7f569b7608401cdda900564dbcf,instrumentation,count((//mei:work)[1]//mei:perfRes[normalize-space()]),"{""populated_resources"": 0}",Preserve the absence of populated performance resources.,True,preserved,preserved,immutable original assertion; approved representation limits recorded separately,True,preserved,preserved,True,EVALUATED,The original bounded populated-resource count is compared with stored/API rows; retained occurrences are not inferred from distinct names.,acceptance/semantic_frozen/semantic_legacy_source_facts_v1.json#/files/1292525519.xml
53-B03,CNW 53,53,1292525519.xml,027a31d3a8582590a1c1e87ced67cee16892b7f569b7608401cdda900564dbcf,source_description,count(//mei:manifestation),"{""manifestations"": 1}",Represent the single manifestation in the intended source-reference domain.,True,omitted,omitted,immutable original assertion; approved representation limits recorded separately,True,preserved,preserved,True,EVALUATED,"Original source/item counts and any representative title/repository/location/hand ownership are compared with explicit F2 document/source/item projections, separately from legacy SourceReference.",acceptance/semantic_frozen/semantic_legacy_source_facts_v1.json#/files/1292525519.xml
53-B04,CNW 53,53,1292525519.xml,027a31d3a8582590a1c1e87ced67cee16892b7f569b7608401cdda900564dbcf,source_description,count(//mei:manifestation//mei:item),"{""held_items"": 1}",Represent the single held item and its relationship to the manifestation.,True,omitted,omitted,immutable original assertion; approved representation limits recorded separately,True,preserved,preserved,True,EVALUATED,"Original source/item counts and any representative title/repository/location/hand ownership are compared with explicit F2 document/source/item projections, separately from legacy SourceReference.",acceptance/semantic_frozen/semantic_legacy_source_facts_v1.json#/files/1292525519.xml
53-B05,CNW 53,53,1292525519.xml,027a31d3a8582590a1c1e87ced67cee16892b7f569b7608401cdda900564dbcf,performance_event,count((//mei:work)[1]//mei:event),"{""events"": 0}",Preserve the absence of performance-event structures.,True,preserved,preserved,immutable original assertion; approved representation limits recorded separately,True,preserved,preserved,True,EVALUATED,The original bounded event-node count is compared; no richer event model is implied.,acceptance/semantic_frozen/semantic_legacy_source_facts_v1.json#/files/1292525519.xml
COLL18-T01,CNW Coll. 18,Coll. 18,03f4c141-9dab-46d7-b8c1-9d0000cc997a.xml,e71b8c5662a7626fc382560ec16736543c756d2e53c4e4f7082657a6c4e2d03b,technical_import,archive-member:dcm-catalogue-data/cnw/data-cnw/03f4c141-9dab-46d7-b8c1-9d0000cc997a.xml; (//mei:work)[1],"{""file_size"": 29171, ""namespace"": ""http://www.music-encoding.org/ns/mei"", ""stage_a_classification"": ""success with warning"", ""stage_a_import_log_status"": ""success"", ""well_formed"": true}",Record the frozen technical outcome separately from semantic fidelity; successful processing is not semantic preservation.,False,not applicable,not applicable,immutable original assertion; approved representation limits recorded separately,False,not applicable,not applicable,True,EVALUATED,Technical-only original assertion: pinned byte size/source namespace and current committed work availability are recorded separately from semantic fidelity.,acceptance/semantic_frozen/semantic_legacy_source_facts_v1.json#/files/03f4c141-9dab-46d7-b8c1-9d0000cc997a.xml
COLL18-B01,CNW Coll. 18,Coll. 18,03f4c141-9dab-46d7-b8c1-9d0000cc997a.xml,e71b8c5662a7626fc382560ec16736543c756d2e53c4e4f7082657a6c4e2d03b,work_identity,count(//mei:work); (//mei:work)[1]/mei:identifier,"{""identifiers"": [{""type"": ""CNW"", ""value"": ""Coll. 18""}, {""type"": ""CNU"", ""value"": ""III/5, 145–181, 199""}, {""type"": ""FS"", ""value"": ""103""}], ""work_count"": 1}",Represent the collection record as one work without splitting or conflating its graph-linked parts.,True,preserved,preserved,immutable original assertion; approved representation limits recorded separately,True,preserved,preserved,True,EVALUATED,One document-owned work with the exact original direct catalogue identity; collection keys retain their literal text.,acceptance/semantic_frozen/semantic_legacy_source_facts_v1.json#/files/03f4c141-9dab-46d7-b8c1-9d0000cc997a.xml
COLL18-B02,CNW Coll. 18,Coll. 18,03f4c141-9dab-46d7-b8c1-9d0000cc997a.xml,e71b8c5662a7626fc382560ec16736543c756d2e53c4e4f7082657a6c4e2d03b,relation_target,count((//mei:work)[1]//mei:relation),"{""relations"": 40}",Retain all 40 collection-graph relations with their relation categories.,True,incorrect,omitted,immutable original assertion; approved representation limits recorded separately,False,omitted,omitted,True,EVALUATED,"The original broader work/component/graphic target inventory is not represented by the bounded source-owned relation graph. Retained syntactically absolute HTTP(S) references are checked for contradiction; internal, relative, graphic and other graph meanings remain omitted.",acceptance/semantic_frozen/semantic_legacy_source_facts_v1.json#/files/03f4c141-9dab-46d7-b8c1-9d0000cc997a.xml
COLL18-B03,CNW Coll. 18,Coll. 18,03f4c141-9dab-46d7-b8c1-9d0000cc997a.xml,e71b8c5662a7626fc382560ec16736543c756d2e53c4e4f7082657a6c4e2d03b,relation_target,count((//mei:work)[1]//mei:relation[@rel='hasPart']),"{""has_part_relations"": 38}",Retain all 38 `hasPart` relations as internal collection-graph relationships.,True,incorrect,omitted,immutable original assertion; approved representation limits recorded separately,False,omitted,omitted,True,EVALUATED,"The original broader work/component/graphic target inventory is not represented by the bounded source-owned relation graph. Retained syntactically absolute HTTP(S) references are checked for contradiction; internal, relative, graphic and other graph meanings remain omitted.",acceptance/semantic_frozen/semantic_legacy_source_facts_v1.json#/files/03f4c141-9dab-46d7-b8c1-9d0000cc997a.xml
COLL18-B04,CNW Coll. 18,Coll. 18,03f4c141-9dab-46d7-b8c1-9d0000cc997a.xml,e71b8c5662a7626fc382560ec16736543c756d2e53c4e4f7082657a6c4e2d03b,performance_event,count((//mei:work)[1]//mei:event),"{""events"": 0}",Preserve the absence of event structures.,True,preserved,preserved,immutable original assertion; approved representation limits recorded separately,True,preserved,preserved,True,EVALUATED,The original bounded event-node count is compared; no richer event model is implied.,acceptance/semantic_frozen/semantic_legacy_source_facts_v1.json#/files/03f4c141-9dab-46d7-b8c1-9d0000cc997a.xml
COLL18-B05,CNW Coll. 18,Coll. 18,03f4c141-9dab-46d7-b8c1-9d0000cc997a.xml,e71b8c5662a7626fc382560ec16736543c756d2e53c4e4f7082657a6c4e2d03b,relation_target,(//mei:work)[1]//mei:relation[@target] | (//mei:work)[1]//mei:ref[@target] | (//mei:work)[1]//mei:ptr[@target],"{""absolute_work_urls"": 0}",Preserve the distinction that none of the work-level targets is an absolute URL.,True,preserved,preserved,immutable original assertion; approved representation limits recorded separately,True,preserved,preserved,True,EVALUATED,Bounded original absolute HTTP(S) URL assertion is compared separately from unresolved/unsupported work-graph targets.,acceptance/semantic_frozen/semantic_legacy_source_facts_v1.json#/files/03f4c141-9dab-46d7-b8c1-9d0000cc997a.xml
COLL18-B06,CNW Coll. 18,Coll. 18,03f4c141-9dab-46d7-b8c1-9d0000cc997a.xml,e71b8c5662a7626fc382560ec16736543c756d2e53c4e4f7082657a6c4e2d03b,relation_target,(//mei:work)[1]//mei:relation[@target] | (//mei:work)[1]//mei:ref[@target] | (//mei:work)[1]//mei:ptr[@target],"{""absolute_count"": 0, ""has_part_count"": 38, ""relation_count"": 40, ""target_count"": 42}",Retain internal/relative collection-graph targets as graph relations rather than mislabelling them as external links.,True,incorrect,omitted,immutable original assertion; approved representation limits recorded separately,False,omitted,omitted,True,EVALUATED,"The original broader work/component/graphic target inventory is not represented by the bounded source-owned relation graph. Retained syntactically absolute HTTP(S) references are checked for contradiction; internal, relative, graphic and other graph meanings remain omitted.",acceptance/semantic_frozen/semantic_legacy_source_facts_v1.json#/files/03f4c141-9dab-46d7-b8c1-9d0000cc997a.xml
17-T01,CNW 17,17,cnw0017.xml,59a7c5ab35c7949ccb4fcdfba0a7452b109c891c80d848fd02e2ec2eb8f422df,technical_import,archive-member:dcm-catalogue-data/cnw/data-cnw/cnw0017.xml; (//mei:work)[1],"{""file_size"": 583753, ""namespace"": ""http://www.music-encoding.org/ns/mei"", ""stage_a_classification"": ""success with warning"", ""stage_a_import_log_status"": ""success"", ""well_formed"": true}",Record the frozen technical outcome separately from semantic fidelity; successful processing is not semantic preservation.,False,not applicable,not applicable,immutable original assertion; approved representation limits recorded separately,False,not applicable,not applicable,True,EVALUATED,Technical-only original assertion: pinned byte size/source namespace and current committed work availability are recorded separately from semantic fidelity.,acceptance/semantic_frozen/semantic_legacy_source_facts_v1.json#/files/cnw0017.xml
17-B01,CNW 17,17,cnw0017.xml,59a7c5ab35c7949ccb4fcdfba0a7452b109c891c80d848fd02e2ec2eb8f422df,component_structure,count((//mei:work)[1]//mei:expression),"{""expressions"": 57}",Represent all 57 expressions without assuming each expression is a musical movement.,True,omitted,omitted,immutable original assertion; approved representation limits recorded separately,False,omitted,omitted,True,EVALUATED,The current schema has no full expression/component entity hierarchy. Explicit source-to-expression context is retained separately and cannot satisfy this broader original hierarchy assertion.,acceptance/semantic_frozen/semantic_legacy_source_facts_v1.json#/files/cnw0017.xml
17-B02,CNW 17,17,cnw0017.xml,59a7c5ab35c7949ccb4fcdfba0a7452b109c891c80d848fd02e2ec2eb8f422df,component_structure,count((//mei:work)[1]//mei:componentList),"{""component_lists"": 11}",Represent all 11 component-list structures and their hierarchy.,True,omitted,omitted,immutable original assertion; approved representation limits recorded separately,False,omitted,omitted,True,EVALUATED,The current schema has no full expression/component entity hierarchy. Explicit source-to-expression context is retained separately and cannot satisfy this broader original hierarchy assertion.,acceptance/semantic_frozen/semantic_legacy_source_facts_v1.json#/files/cnw0017.xml
17-B03,CNW 17,17,cnw0017.xml,59a7c5ab35c7949ccb4fcdfba0a7452b109c891c80d848fd02e2ec2eb8f422df,instrumentation,count((//mei:work)[1]//mei:perfRes[normalize-space()]),"{""perf_res"": 62}",Represent all 62 populated performance resources and their material attributes.,True,omitted,omitted,immutable original assertion; approved representation limits recorded separately,False,omitted,omitted,True,EVALUATED,"Names/count strings survive where represented, but resource occurrences/codedval/solo/grouping in the original compound assertion are not fully represented. Missing attributes remain an omission, not a successful rich-resource mapping.",acceptance/semantic_frozen/semantic_legacy_source_facts_v1.json#/files/cnw0017.xml
17-B04,CNW 17,17,cnw0017.xml,59a7c5ab35c7949ccb4fcdfba0a7452b109c891c80d848fd02e2ec2eb8f422df,source_description,count(//mei:manifestation),"{""manifestations"": 15}",Represent all 15 manifestations in the intended source-reference domain.,True,omitted,omitted,immutable original assertion; approved representation limits recorded separately,True,preserved,preserved,True,EVALUATED,"Original source/item counts and any representative title/repository/location/hand ownership are compared with explicit F2 document/source/item projections, separately from legacy SourceReference.",acceptance/semantic_frozen/semantic_legacy_source_facts_v1.json#/files/cnw0017.xml
17-B05,CNW 17,17,cnw0017.xml,59a7c5ab35c7949ccb4fcdfba0a7452b109c891c80d848fd02e2ec2eb8f422df,source_description,count(//mei:manifestation//mei:item),"{""held_items"": 13}",Represent all 13 held items and their manifestation relationships.,True,omitted,omitted,immutable original assertion; approved representation limits recorded separately,True,preserved,preserved,True,EVALUATED,"Original source/item counts and any representative title/repository/location/hand ownership are compared with explicit F2 document/source/item projections, separately from legacy SourceReference.",acceptance/semantic_frozen/semantic_legacy_source_facts_v1.json#/files/cnw0017.xml
17-B06,CNW 17,17,cnw0017.xml,59a7c5ab35c7949ccb4fcdfba0a7452b109c891c80d848fd02e2ec2eb8f422df,performance_event,count((//mei:work)[1]//mei:event),"{""events"": 211}",Represent all 211 catalogue events in the performance domain where applicable.,True,omitted,preserved,immutable original assertion; approved representation limits recorded separately,True,preserved,preserved,True,EVALUATED,The original bounded event-node count is compared; no richer event model is implied.,acceptance/semantic_frozen/semantic_legacy_source_facts_v1.json#/files/cnw0017.xml
17-B07,CNW 17,17,cnw0017.xml,59a7c5ab35c7949ccb4fcdfba0a7452b109c891c80d848fd02e2ec2eb8f422df,relation_target,count((//mei:work)[1]//*[@target]),"{""target_attributes"": 92}",Retain all 92 asserted target attributes with their structural categories.,True,incorrect,omitted,immutable original assertion; approved representation limits recorded separately,False,omitted,omitted,True,EVALUATED,"The original broader work/component/graphic target inventory is not represented by the bounded source-owned relation graph. Retained syntactically absolute HTTP(S) references are checked for contradiction; internal, relative, graphic and other graph meanings remain omitted.",acceptance/semantic_frozen/semantic_legacy_source_facts_v1.json#/files/cnw0017.xml
17-B08,CNW 17,17,cnw0017.xml,59a7c5ab35c7949ccb4fcdfba0a7452b109c891c80d848fd02e2ec2eb8f422df,relation_target,(//mei:work)[1]//*[@target],"{""absolute_count"": 0, ""target_attributes"": 92}",Retain the internal/relative category of every target rather than presenting it as an external link.,True,omitted,omitted,immutable original assertion; approved representation limits recorded separately,False,omitted,omitted,True,EVALUATED,"The original broader work/component/graphic target inventory is not represented by the bounded source-owned relation graph. Retained syntactically absolute HTTP(S) references are checked for contradiction; internal, relative, graphic and other graph meanings remain omitted.",acceptance/semantic_frozen/semantic_legacy_source_facts_v1.json#/files/cnw0017.xml
17-B09,CNW 17,17,cnw0017.xml,59a7c5ab35c7949ccb4fcdfba0a7452b109c891c80d848fd02e2ec2eb8f422df,relation_target,count((//mei:work)[1]//mei:graphic[@target]),"{""graphic_targets"": 84}",Retain the 84 graphic targets as graphic/incipit references.,True,omitted,omitted,immutable original assertion; approved representation limits recorded separately,False,omitted,omitted,True,EVALUATED,"The original broader work/component/graphic target inventory is not represented by the bounded source-owned relation graph. Retained syntactically absolute HTTP(S) references are checked for contradiction; internal, relative, graphic and other graph meanings remain omitted.",acceptance/semantic_frozen/semantic_legacy_source_facts_v1.json#/files/cnw0017.xml
17-B10,CNW 17,17,cnw0017.xml,59a7c5ab35c7949ccb4fcdfba0a7452b109c891c80d848fd02e2ec2eb8f422df,relation_target,count((//mei:work)[1]//mei:relation[@target]),"{""relation_targets"": 8}",Retain the eight relation targets with internal relation semantics.,True,incorrect,omitted,immutable original assertion; approved representation limits recorded separately,False,omitted,omitted,True,EVALUATED,"The original broader work/component/graphic target inventory is not represented by the bounded source-owned relation graph. Retained syntactically absolute HTTP(S) references are checked for contradiction; internal, relative, graphic and other graph meanings remain omitted.",acceptance/semantic_frozen/semantic_legacy_source_facts_v1.json#/files/cnw0017.xml
2-T01,CNW 2,2,cnw0002.xml,23964c593c8d23bbe94f0b2eb56686c70b53d6aeda09a66d3d4e719060b46529,technical_import,archive-member:dcm-catalogue-data/cnw/data-cnw/cnw0002.xml; (//mei:work)[1],"{""file_size"": 1539005, ""namespace"": ""http://www.music-encoding.org/ns/mei"", ""stage_a_classification"": ""success with warning"", ""stage_a_import_log_status"": ""success"", ""well_formed"": true}",Record the frozen technical outcome separately from semantic fidelity; successful processing is not semantic preservation.,False,not applicable,not applicable,immutable original assertion; approved representation limits recorded separately,False,not applicable,not applicable,True,EVALUATED,Technical-only original assertion: pinned byte size/source namespace and current committed work availability are recorded separately from semantic fidelity.,acceptance/semantic_frozen/semantic_legacy_source_facts_v1.json#/files/cnw0002.xml
2-T02,CNW 2,2,cnw0002.xml,23964c593c8d23bbe94f0b2eb56686c70b53d6aeda09a66d3d4e719060b46529,technical_import,archive-member:dcm-catalogue-data/cnw/data-cnw/cnw0002.xml; docs/report_evidence/phase2_sample_manifest.csv#CNW 2,"{""corpus_max_size_confirmed"": true, ""file_size"": 1539005, ""manifest_size_bytes"": 1539005, ""namespace"": ""http://www.music-encoding.org/ns/mei"", ""stage_a_classification"": ""success with warning"", ""stage_a_import_log_status"": ""success"", ""well_formed"": true}","Record whether the baseline processes the corpus-maximum 1,539,005-byte official XML file without failure; this is technical-only.",False,not applicable,not applicable,immutable original assertion; approved representation limits recorded separately,False,not applicable,not applicable,True,EVALUATED,Technical-only original assertion: pinned byte size/source namespace and current committed work availability are recorded separately from semantic fidelity.,acceptance/semantic_frozen/semantic_legacy_source_facts_v1.json#/files/cnw0002.xml
2-B01,CNW 2,2,cnw0002.xml,23964c593c8d23bbe94f0b2eb56686c70b53d6aeda09a66d3d4e719060b46529,component_structure,count((//mei:work)[1]//mei:expression),"{""expressions"": 54}",Represent all 54 expressions without assuming each expression is a musical movement.,True,omitted,omitted,immutable original assertion; approved representation limits recorded separately,False,omitted,omitted,True,EVALUATED,The current schema has no full expression/component entity hierarchy. Explicit source-to-expression context is retained separately and cannot satisfy this broader original hierarchy assertion.,acceptance/semantic_frozen/semantic_legacy_source_facts_v1.json#/files/cnw0002.xml
2-B02,CNW 2,2,cnw0002.xml,23964c593c8d23bbe94f0b2eb56686c70b53d6aeda09a66d3d4e719060b46529,instrumentation,count((//mei:work)[1]//mei:perfRes[normalize-space()]),"{""perf_res"": 50}",Represent all 50 populated performance resources and their material attributes.,True,omitted,omitted,immutable original assertion; approved representation limits recorded separately,False,omitted,omitted,True,EVALUATED,"Names/count strings survive where represented, but resource occurrences/codedval/solo/grouping in the original compound assertion are not fully represented. Missing attributes remain an omission, not a successful rich-resource mapping.",acceptance/semantic_frozen/semantic_legacy_source_facts_v1.json#/files/cnw0002.xml
2-B03,CNW 2,2,cnw0002.xml,23964c593c8d23bbe94f0b2eb56686c70b53d6aeda09a66d3d4e719060b46529,source_description,count(//mei:manifestation),"{""manifestations"": 39}",Represent all 39 manifestations in the intended source-reference domain.,True,omitted,omitted,immutable original assertion; approved representation limits recorded separately,True,preserved,preserved,True,EVALUATED,"Original source/item counts and any representative title/repository/location/hand ownership are compared with explicit F2 document/source/item projections, separately from legacy SourceReference.",acceptance/semantic_frozen/semantic_legacy_source_facts_v1.json#/files/cnw0002.xml
2-B04,CNW 2,2,cnw0002.xml,23964c593c8d23bbe94f0b2eb56686c70b53d6aeda09a66d3d4e719060b46529,source_description,count(//mei:manifestation//mei:item),"{""held_items"": 38}",Represent all 38 held items and their manifestation relationships.,True,omitted,omitted,immutable original assertion; approved representation limits recorded separately,False,omitted,omitted,True,EVALUATED,"Original source/item counts and any representative title/repository/location/hand ownership are compared with explicit F2 document/source/item projections, separately from legacy SourceReference. The original structural count includes nested item_e5f8b4a6 below item/componentList, outside approved direct itemList/item selection: structural38 versus eligible37. The omission remains visible rather than widening the mapping.",acceptance/semantic_frozen/semantic_legacy_source_facts_v1.json#/files/cnw0002.xml
2-B05,CNW 2,2,cnw0002.xml,23964c593c8d23bbe94f0b2eb56686c70b53d6aeda09a66d3d4e719060b46529,performance_event,count((//mei:work)[1]//mei:event),"{""events"": 602}",Represent all 602 catalogue events in the performance domain where applicable.,True,omitted,preserved,immutable original assertion; approved representation limits recorded separately,True,preserved,preserved,True,EVALUATED,The original bounded event-node count is compared; no richer event model is implied.,acceptance/semantic_frozen/semantic_legacy_source_facts_v1.json#/files/cnw0002.xml
2-B06,CNW 2,2,cnw0002.xml,23964c593c8d23bbe94f0b2eb56686c70b53d6aeda09a66d3d4e719060b46529,relation_target,count((//mei:work)[1]//*[@target]),"{""target_attributes"": 106}",Retain all 106 asserted target attributes with their structural categories.,True,incorrect,omitted,immutable original assertion; approved representation limits recorded separately,False,omitted,omitted,True,EVALUATED,"The original broader work/component/graphic target inventory is not represented by the bounded source-owned relation graph. Retained syntactically absolute HTTP(S) references are checked for contradiction; internal, relative, graphic and other graph meanings remain omitted.",acceptance/semantic_frozen/semantic_legacy_source_facts_v1.json#/files/cnw0002.xml
2-B07,CNW 2,2,cnw0002.xml,23964c593c8d23bbe94f0b2eb56686c70b53d6aeda09a66d3d4e719060b46529,relation_target,count((//mei:work)[1]//mei:graphic[@target]),"{""graphic_targets"": 100}",Retain the 100 graphic targets as graphic/incipit references.,True,omitted,omitted,immutable original assertion; approved representation limits recorded separately,False,omitted,omitted,True,EVALUATED,"The original broader work/component/graphic target inventory is not represented by the bounded source-owned relation graph. Retained syntactically absolute HTTP(S) references are checked for contradiction; internal, relative, graphic and other graph meanings remain omitted.",acceptance/semantic_frozen/semantic_legacy_source_facts_v1.json#/files/cnw0002.xml
2-B08,CNW 2,2,cnw0002.xml,23964c593c8d23bbe94f0b2eb56686c70b53d6aeda09a66d3d4e719060b46529,relation_target,(//mei:work)[1]//mei:relation[@target] | (//mei:work)[1]//mei:ref[@target] | (//mei:work)[1]//mei:ptr[@target],"{""relation_ref_ptr_targets"": 6}",Retain all six relation/ref/ptr targets together with relation type and target category.,True,incorrect,omitted,immutable original assertion; approved representation limits recorded separately,False,omitted,omitted,True,EVALUATED,"The original broader work/component/graphic target inventory is not represented by the bounded source-owned relation graph. Retained syntactically absolute HTTP(S) references are checked for contradiction; internal, relative, graphic and other graph meanings remain omitted.",acceptance/semantic_frozen/semantic_legacy_source_facts_v1.json#/files/cnw0002.xml
2-B09,CNW 2,2,cnw0002.xml,23964c593c8d23bbe94f0b2eb56686c70b53d6aeda09a66d3d4e719060b46529,relation_target,(//mei:work)[1]//mei:relation[@target] | (//mei:work)[1]//mei:ref[@target] | (//mei:work)[1]//mei:ptr[@target],"{""absolute_urls"": 1}",Retain the single absolute URL while distinguishing it from internal/relative targets.,True,preserved,preserved,immutable original assertion; approved representation limits recorded separately,True,preserved,preserved,True,EVALUATED,Bounded original absolute HTTP(S) URL assertion is compared separately from unresolved/unsupported work-graph targets.,acceptance/semantic_frozen/semantic_legacy_source_facts_v1.json#/files/cnw0002.xml
